{
  "rmse": 0.0001959157261414576,
  "mae": 0.0001407284234219592,
  "r2": 0.8228519742556601
}